<?xml version="1.0" encoding="utf-8" ?>
<dwsync>
<file name="admin_botbg.jpg" server="edreamer.quotaless.com/phpboard/" local="128686128899990000" remote="128695188600000000" />
<file name="admin_r1_c1.jpg" server="edreamer.quotaless.com/phpboard/" local="128686128899340000" remote="128695188600000000" />
<file name="admin_r1_c5.jpg" server="edreamer.quotaless.com/phpboard/" local="128686128899420000" remote="128695188600000000" />
<file name="admin_r1_c7.jpg" server="edreamer.quotaless.com/phpboard/" local="128686128899500000" remote="128695188600000000" />
<file name="admin_r1_c8.jpg" server="edreamer.quotaless.com/phpboard/" local="128686128899580000" remote="128695188600000000" />
<file name="admin_r2_c1.jpg" server="edreamer.quotaless.com/phpboard/" local="128686128899690000" remote="128695188600000000" />
<file name="admin_r3_c1.jpg" server="edreamer.quotaless.com/phpboard/" local="128686128899770000" remote="128695188600000000" />
<file name="admin_r4_c1.jpg" server="edreamer.quotaless.com/phpboard/" local="128686128899840000" remote="128695188600000000" />
<file name="admin_r4_c4.jpg" server="edreamer.quotaless.com/phpboard/" local="128686128900080000" remote="128695189200000000" />
<file name="admin_r4_c8.jpg" server="edreamer.quotaless.com/phpboard/" local="128686128900250000" remote="128695189200000000" />
<file name="admin_topbg.jpg" server="edreamer.quotaless.com/phpboard/" local="128686129707030000" remote="128695189200000000" />
<file name="board_r1_c1.jpg" server="edreamer.quotaless.com/phpboard/" local="128685360058270000" remote="128695189200000000" />
<file name="board_r1_c8.jpg" server="edreamer.quotaless.com/phpboard/" local="128685360058420000" remote="128695189200000000" />
<file name="board_r2_c1.jpg" server="edreamer.quotaless.com/phpboard/" local="128685360058490000" remote="128695189200000000" />
<file name="board_r3_c1.jpg" server="edreamer.quotaless.com/phpboard/" local="128685360058520000" remote="128695189200000000" />
<file name="board_r4_c1.jpg" server="edreamer.quotaless.com/phpboard/" local="128685360058540000" remote="128695189200000000" />
<file name="board_r4_c8.jpg" server="edreamer.quotaless.com/phpboard/" local="128685360058690000" remote="128695189200000000" />
<file name="botbg.jpg" server="edreamer.quotaless.com/phpboard/" local="128685360058590000" remote="128695189200000000" />
<file name="email-a.png" server="edreamer.quotaless.com/phpboard/" local="127963666200000000" remote="128695189200000000" />
<file name="female.gif" server="edreamer.quotaless.com/phpboard/" local="127963666200000000" remote="128695189200000000" />
<file name="home-a.png" server="edreamer.quotaless.com/phpboard/" local="127963666200000000" remote="128695189800000000" />
<file name="login.gif" server="edreamer.quotaless.com/phpboard/" local="127963666200000000" remote="128695189800000000" />
<file name="login.jpg" server="edreamer.quotaless.com/phpboard/" local="128685360058570000" remote="128695189800000000" />
<file name="logout.jpg" server="edreamer.quotaless.com/phpboard/" local="128686132779910000" remote="128695189800000000" />
<file name="male.gif" server="edreamer.quotaless.com/phpboard/" local="127963666200000000" remote="128695189800000000" />
<file name="post.jpg" server="edreamer.quotaless.com/phpboard/" local="128685360058390000" remote="128695189800000000" />
<file name="read.jpg" server="edreamer.quotaless.com/phpboard/" local="128685360058360000" remote="128695189800000000" />
<file name="talk.gif" server="edreamer.quotaless.com/phpboard/" local="127963666200000000" remote="128695189800000000" />
<file name="topbg.jpg" server="edreamer.quotaless.com/phpboard/" local="128685366240260000" remote="128695189800000000" />
<file name="vline.gif" server="edreamer.quotaless.com/phpboard/" local="128009870000000000" remote="128695189800000000" />
</dwsync>