<?xml version="1.0" encoding="utf-8" ?>
<dwsync>
<file name="admin.php" server="edreamer.quotaless.com/phpboard/" local="128691655765276511" remote="128695190400000000" />
<file name="admindel.php" server="edreamer.quotaless.com/phpboard/" local="128691659717916511" remote="128695190400000000" />
<file name="adminfix.php" server="edreamer.quotaless.com/phpboard/" local="128691658467306511" remote="128695190400000000" />
<file name="connMysql.php" server="edreamer.quotaless.com/phpboard/" local="128695536697050908" remote="128695248600000000" />
<file name="index.php" server="edreamer.quotaless.com/phpboard/" local="128693087073900000" remote="128695190400000000" />
<file name="login.php" server="edreamer.quotaless.com/phpboard/" local="128693756032080000" remote="128695191000000000" />
<file name="phpboard.sql" server="edreamer.quotaless.com/phpboard/" local="128690365101820000" remote="128695191000000000" />
<file name="post.php" server="edreamer.quotaless.com/phpboard/" local="128693158422280000" remote="128695191000000000" />
<file name="style.css" server="edreamer.quotaless.com/phpboard/" local="128686040221311795" remote="128695191000000000" />
</dwsync>